<?xml version="1.0" encoding="UTF-8"?>
<project-private xmlns="http://www.netbeans.org/ns/project-private/1">
    <editor-bookmarks xmlns="http://www.netbeans.org/ns/editor-bookmarks/2" lastBookmarkId="0"/>
    <open-files xmlns="http://www.netbeans.org/ns/projectui-open-files/2">
        <group>
            <file>file:/C:/Users/USER/Desktop/jahir/Proyecto/punto-de-venta-Java-y-Mysql-main/src/Vista/Sistema.java</file>
            <file>file:/C:/Users/USER/Desktop/jahir/Proyecto/punto-de-venta-Java-y-Mysql-main/src/Vista/Login.java</file>
        </group>
    </open-files>
</project-private>
